{
  "height_cm": 174.117142,
  "chest_circumference_cm": 86.7329658873972,
  "waist_circumference_cm": 108.23856089756119,
  "hip_circumference_cm": 125.40140514816555,
  "shoulder_width_cm": 28.082461000000002,
  "arm_span_cm": 49.945695,
  "inseam_cm": 78.3527139,
  "neck_circumference_cm": 61.10205131602483,
  "smpl_betas": [
    0.150443434715271,
    0.641230046749115,
    0.26663699746131897,
    1.4661821126937866,
    -0.13775956630706787,
    -0.1088680699467659,
    -0.13658615946769714,
    0.33006638288497925,
    0.008263155817985535,
    0.011526346206665039
  ]
}