{
  "height_cm": 192.0,
  "chest_circumference_cm": 95.64095332084112,
  "waist_circumference_cm": 119.35529984940685,
  "hip_circumference_cm": 138.28086948755333,
  "neck_circumference_cm": 67.37759256740368,
  "shoulder_width_cm": 30.96669546758355,
  "arm_span_cm": 55.075412620774586,
  "inseam_cm": 86.4,
  "torso_length_cm": 67.19999999999999,
  "scale_factor": 1.102705901294888,
  "actual_height_cm": 192.0
}